soi,lat,lon,report_state,report_time,depth_cm,dsm_m,rtsd_class,nearest_canal,dist_canal_m,nearest_pump,dist_pump_m
ซอย 50,13.7569,100.674802,เข้าบ้าน,04:00,,4.45,< 0 m,คลองบ้านม้า,318.0,ST.SPS.02,531.0
ซอย 48,13.756667,100.673314,เข้าชั้น 1,06:00-08:00,9.5,4.48,0 - 0.5 m,คลองบ้านม้า,232.0,ST.SPS.02,681.0
ซอย 48/3,13.756667,100.673314,เข้าบ้าน 30ซม; บ่อบำบัดจม,07:00-09:00,30,4.48,0 - 0.5 m,คลองบ้านม้า,232.0,ST.SPS.02,681.0
ซอย 36,13.759513,100.675626,ท่วมทั้งซอย เข้าบ้าน/โรงรถ,07:00-08:00,,3.52,0 - 0.5 m,คลองบ้านม้า,619.0,ST.SPS.02,612.0
ซอย 32,13.760395,100.675446,ท่วม,09:00,,4.23,0 - 0.5 m,คลองบ้านม้า,645.0,ST.SPS.02,699.0
ซอย 40,13.758918,100.676163,ท่วม,11:00,,4.1,0 - 0.5 m,คลองบ้านม้า,583.0,ST.SPS.02,524.0
ซอย 17,13.767634,100.680344,เข้าโรงรถ+ย้อนท่อ,11:10,,5.52,0 - 0.5 m,คลองบ้านม้า,1254.0,ST.SPS.04,335.0
ซอย 18,13.767841,100.680799,เข้าโรงรถ; บึงหน้าคอนโด ซ.18 ล้น,06:00-07:00,,6.26,0 - 0.5 m,คลองบ้านม้า,1305.0,ST.SPS.04,325.0
ซอย 15A,13.768966,100.680724,ท่วมถนน,08:00-09:00,,5.21,0 - 0.5 m,คลองบ้านม้า,1317.0,ST.SPS.04,207.0
ซอย 24,13.764425,100.677758,ท่วมถนน,08:00-09:00,,5.33,0 - 0.5 m,คลองบ้านม้า,922.0,ST.SPS.03,295.0
ซอย 25/3,13.76645,100.678673,ท่วมถนน,08:00-09:00,,4.63,0 - 0.5 m,คลองบ้านม้า,1052.0,ST.SPS.03,181.0
ซอย A8,13.772594,100.67915,ซึมเข้าบ้าน,09:00,,4.96,0 - 0.5 m,คลองบ้านม้า,1290.0,ST.SPS.04,233.0
ซอย B5 / โซน B / เมน B,13.772667,100.680385,เข้าในตัวบ้าน,06:00-08:00,,4.9,0 - 0.5 m,คลองบ้านม้า,1415.0,ST.SPS.04,238.0
ซอย D3,13.770018,100.673896,เป็นทะเล ใกล้เข้าบ้าน,07:00,,3.38,0.5 - 1 m,คลองบ้านม้า,655.0,ST.SPS.03,482.0
ซอย F5,13.76703,100.674457,มีระดับน้ำในซอย,09:00,,3.76,0.5 - 1 m,คลองบ้านม้า,615.0,ST.SPS.03,285.0
